generic_name,bnf_code,chem_substance,dose_per_unit,ome_multiplier,reference,ome_dose
Codeine Phos_(S),0407020C0AAAGAG,Codeine Phosphate,,,,0.0
Diamorph HCl_(S),0407020K0AABQBQ,Diamorphine Hydrochloride (Systemic),,,,0.0
Diamorph HCl_Reefer 50mg,0407020K0AADLDL,Diamorphine Hydrochloride (Systemic),,,,0.0
Methadone HCl_(S),0407020M0AAAFAF,Methadone Hydrochloride,,,,0.0
Morph HCl_(S),0407020P0AAADAD,Morphine Hydrochloride,,,,0.0
Morph Sulf_(S),0407020Q0AAANAN,Morphine Sulfate,,,,0.0
Morph Sulf_Gel 2%,0407020Q0AAFQFQ,Morphine Sulfate,,,,0.0
Morph Sulf_Gel 0.1%,0407020Q0AAFSFS,Morphine Sulfate,,,,0.0
Morph Sulf_Gel 0.2%,0407020Q0AAFUFU,Morphine Sulfate,,,,0.0
Morph Sulf_Intrasite Gel 0.1%,0407020Q0AAFXFX,Morphine Sulfate,,,,0.0
Morph Sulf_Intrasite Gel 0.2%,0407020Q0AAFYFY,Morphine Sulfate,,,,0.0
Opium_Tinct,0407020W0AAAAAA,Powdered Opium,,,,0.0
Morph Sulf_Inj 2mg/10ml Amp,0407020Q0AAAAAA,Morphine Sulfate,2.0,2.0,GPN,4.0
Morph Sulph_Epidural Inj 2mg/10ml Amp,0407020Q0AAAQAQ,Morphine Sulfate,2.0,2.0,GPN,4.0
Hydromorphone HCl_Cap 2mg M/R,040702050AAAFAF,Hydromorphone Hydrochloride,2.0,5.0,BNF,10.0
Hydromorphone HCl_Inj 2mg/ml 1ml Amp,040702050AAALAL,Hydromorphone Hydrochloride,2.0,5.0,BNF,10.0
Dipipanone HCl_Liq Spec 10mg/5ml,0407020H0AAAFAF,Dipipanone Hydrochloride,2.0,0.5,ABHB,1.0
Diamorph HCl_Liq Spec 10mg/5ml,0407020K0AADIDI,Diamorphine Hydrochloride (Systemic),2.0,1.0,GPN,2.0
Morph HCl_Liq Spec 10mg/5ml,0407020P0AAASAS,Morphine Hydrochloride,2.0,1.0,GPN,2.0
Morph Sulf_Oral Soln 10mg/5ml,0407020Q0AACNCN,Morphine Sulfate,2.0,1.0,GPN,2.0
Morph Sulph_Liq Spec 10mg/5ml,0407020Q0AAEKEK,Morphine Sulfate,2.0,1.0,GPN,2.0
Co-Dydramol_Oral Soln 10mg/500mg/5ml,0407010N0AAACAC,Co-dydramol,2.0,0.1,GPN,0.2
Co-Dydramol_Oral Susp 10mg/500mg/5ml S/F,0407010N0AAADAD,Co-dydramol,2.0,0.1,GPN,0.2
Co-Dydramol_Oral Susp 10mg/500mg/5ml,0407010N0AAAGAG,Co-dydramol,2.0,0.1,GPN,0.2
Codeine Phos_Liq Spec 10mg/5ml,0407020C0AAAYAY,Codeine Phosphate,2.0,0.1,GPN,0.2
Dihydrocodeine Tart_Oral Soln 10mg/5ml,0407020G0AAAAAA,Dihydrocodeine Tartrate,2.0,0.1,GPN,0.2
Dihydrocodeine Tart_Liq Spec 10mg/5ml,0407020G0AAAPAP,Dihydrocodeine Tartrate,2.0,0.1,GPN,0.2
Pethidine HCl_Liq Spec 10mg/5ml,0407020V0AABABA,Pethidine Hydrochloride,2.0,0.1,ABHB,0.2
Morph HCl_Liq Spec 15mg/5ml,0407020P0AAAXAX,Morphine Hydrochloride,3.0,1.0,GPN,3.0
Dihydrocodeine Tart_Liq Spec 15mg/5ml,0407020G0AAANAN,Dihydrocodeine Tartrate,3.0,0.1,GPN,0.3
Morph Sulph_Inj 4mg/10ml Amp,0407020Q0AAA5A5,Morphine Sulfate,4.0,2.0,GPN,8.0
Hydromorphone HCl_Cap 4mg M/R,040702050AAAGAG,Hydromorphone Hydrochloride,4.0,5.0,BNF,20.0
Diamorph HCl_Liq Spec 20mg/5ml,0407020K0AADFDF,Diamorphine Hydrochloride (Systemic),4.0,1.0,GPN,4.0
Morph HCl_Liq Spec 20mg/5ml,0407020P0AAAYAY,Morphine Hydrochloride,4.0,1.0,GPN,4.0
Morph Sulph_Liq Spec 20mg/5ml,0407020Q0AADYDY,Morphine Sulfate,4.0,1.0,GPN,4.0
Oxycodone HCl_Cap 5mg,0407020ADAAACAC,Oxycodone Hydrochloride,5.0,2.0,GPN,10.0
Oxycodone HCl_Tab 5mg M/R,0407020ADAAAKAK,Oxycodone Hydrochloride,5.0,2.0,GPN,10.0
Oxycodone HCl/NaloxoneHCl_Tab 5/2.5mgM/R,0407020AFAAACAC,Oxycodone HCl/Naloxone HCl,5.0,2.0,GPN,10.0
Morph HCl_Inj 5mg/5ml Amp,0407020P0AABCBC,Morphine Hydrochloride,5.0,2.0,GPN,10.0
Morph Sulph_Inj 5mg/1ml Amp,0407020Q0AAA2A2,Morphine Sulfate,5.0,2.0,GPN,10.0
Morph Sulph_Inj 5mg/10ml Amp,0407020Q0AAA8A8,Morphine Sulfate,5.0,2.0,GPN,10.0
Morph Sulf_Inj 5mg/5ml Amp (Old),0407020Q0AAA9A9,Morphine Sulfate,5.0,2.0,GPN,10.0
Morph Sulf_Inj 5mg/5ml Amp,0407020Q0AAFZFZ,Morphine Sulfate,5.0,2.0,GPN,10.0
Diamorph HCl_Inj 5mg Amp,0407020K0AAAAAA,Diamorphine Hydrochloride (Systemic),5.0,3.0,GPN,15.0
Diamorph HCl_Suppos 5mg,0407020K0AACUCU,Diamorphine Hydrochloride (Systemic),5.0,3.0,GPN,15.0
Diamorph HCl_Inj 5mg Vl (Dry),0407020K0AAEFEF,Diamorphine Hydrochloride (Systemic),5.0,3.0,GPN,15.0
Methadone HCl_Tab 5mg,0407020M0AAAEAE,Methadone Hydrochloride,5.0,3.0,CMS,15.0
Methadone HCl_Cap 5mg,0407020M0AABUBU,Methadone Hydrochloride,5.0,3.0,CMS,15.0
Dextromoramide Tart_Tab 5mg,0407020D0AAADAD,Dextromoramide Tartrate,5.0,4.0,GPN,20.0
Phenazocine Hydrob_Tab 5mg,0407020X0BBAAAA,Phenazocine Hydrobromide,5.0,4.0,GPN,20.0
Diamorph HCl_Liq Spec 25mg/5ml,0407020K0AADJDJ,Diamorphine Hydrochloride (Systemic),5.0,1.0,GPN,5.0
Morph HCl_Liq Spec 25mg/5ml,0407020P0AAATAT,Morphine Hydrochloride,5.0,1.0,GPN,5.0
Morph Sulf_Suppos 5mg,0407020Q0AABJBJ,Morphine Sulfate,5.0,1.0,GPN,5.0
Morph Sulph_Tab 5mg M/R,0407020Q0AACGCG,Morphine Sulfate,5.0,1.0,GPN,5.0
Codeine Phos_Oral Soln 25mg/5ml,0407020C0AAABAB,Codeine Phosphate,5.0,0.1,GPN,0.5
Pethidine HCl_Liq Spec 25mg/5ml,0407020V0AAARAR,Pethidine Hydrochloride,5.0,0.1,ABHB,0.5
Diamorph HCl_Liq Spec 30mg/5ml,0407020K0AAEAEA,Diamorphine Hydrochloride (Systemic),6.0,1.0,GPN,6.0
Codeine Phos_Liq Spec 30mg/5ml,0407020C0AAAPAP,Codeine Phosphate,6.0,0.1,GPN,0.6
Dihydrocodeine Tart_Liq Spec 30mg/5ml,0407020G0AAAMAM,Dihydrocodeine Tartrate,6.0,0.1,GPN,0.6
Co-Proxamol_Susp 32.5mg/325mg/5ml S/F,0407010Q0AAABAB,Co-proxamol,6.5,0.1,GPN,0.65
Co-Proxamol_Liq Spec 32.5mg/325mg/5ml,0407010Q0AAADAD,Co-proxamol,6.5,0.1,GPN,0.65
Oxycodone/Naloxone_Liq Spec40mg/20mg/5ml,0407020AFAAAEAE,Oxycodone HCl/Naloxone HCl,8.0,2.0,GPN,16.0
Hydromorphone HCl_Cap 8mg M/R,040702050AAACAC,Hydromorphone Hydrochloride,8.0,5.0,BNF,40.0
Co-Codamol_Tab 8mg/500mg,0407010F0AAAAAA,Co-codamol,8.0,0.1,GPN,0.8
Co-Codamol_Cap 8mg/500mg,0407010F0AAABAB,Co-codamol,8.0,0.1,GPN,0.8
Co-Codamol Eff_Tab 8mg/500mg,0407010F0AAACAC,Co-codamol,8.0,0.1,GPN,0.8
Co-Codaprin_Tab 8mg/400mg,0407010M0AAAAAA,Co-codamol,8.0,0.1,GPN,0.8
Co-Codaprin Disper_Tab 8mg/400mg,0407010M0AAABAB,Co-codaprin,8.0,0.1,GPN,0.8
Gppe Tab_Migraleve Yellow,0407010F0AAAXAX,Co-codamol,8.0,0.1,GPN,0.8
Aspirin/Codeine Phos_Tab Disper 500/8mg,0407010W0AAADAD,Co-codaprin,8.0,0.1,GPN,0.8
Gppe Tab_Syndol,0407010X0AAADAD,Co-codamol,8.0,0.1,GPN,0.8
Gppe Tab_Solpadeine,0407010X0AAAJAJ,Co-codamol,8.0,0.1,GPN,0.8
Gppe Tab_Ultramol Solb,0407010X0AAAYAY,Co-codamol,8.0,0.1,GPN,0.8
Gppe Tab_Codafen Continus,1001010J0AAARAR,Ibuprofen & Codeine,8.0,0.1,GPN,0.8
Morph/Cyclizine_Inj 10mg/50mg 1ml Amp,040702020AAAAAA,Morphine Tartrate & Cyclizine Tartrate,10.0,2.0,GPN,20.0
Oxycodone HCl_Oral Soln 10mg/1ml S/F,0407020ADAAABAB,Oxycodone Hydrochloride,10.0,2.0,GPN,20.0
Oxycodone HCl_Cap 10mg,0407020ADAAADAD,Oxycodone Hydrochloride,10.0,2.0,GPN,20.0
Oxycodone HCl_Tab 10mg M/R,0407020ADAAAFAF,Oxycodone Hydrochloride,10.0,2.0,GPN,20.0
Oxycodone HCl_Inj 10mg/ml 1ml Amp,0407020ADAAALAL,Oxycodone Hydrochloride,10.0,2.0,GPN,20.0
Oxycodone HCl/Naloxone HCl_Tab 10/5mgM/R,0407020AFAAAAAA,Oxycodone HCl/Naloxone HCl,10.0,2.0,GPN,20.0
Morph HCl_Inj 10mg/10ml Pfs,0407020P0AAAZAZ,Morphine Hydrochloride,10.0,2.0,GPN,20.0
Morph Sulf_Inj 10mg/10ml Amp (Old),0407020Q0AAA1A1,Morphine Sulfate,10.0,2.0,GPN,20.0
Morph Sulf_Inj 10mg/1ml Amp,0407020Q0AAABAB,Morphine Sulfate,10.0,2.0,GPN,20.0
Morph Sulf_Inj 10mg/2ml Amp,0407020Q0AABCBC,Morphine Sulfate,10.0,2.0,GPN,20.0
Morph Sulf_Inj 10mg/ml 1ml Pfs,0407020Q0AAFCFC,Morphine Sulfate,10.0,2.0,GPN,20.0
Morph Sulf_Inj 1mg/ml 10ml Pfs,0407020Q0AAFJFJ,Morphine Sulfate,10.0,2.0,GPN,20.0
Morph Sulf_Inj 10mg/10ml Amp,0407020Q0AAGAGA,Morphine Sulfate,10.0,2.0,GPN,20.0
Diamorph HCl_Inj 10mg Amp,0407020K0AAABAB,Diamorphine Hydrochloride (Systemic),10.0,3.0,GPN,30.0
Diamorph HCl_Inj 10mg Vl (Dry),0407020K0AAEGEG,Diamorphine Hydrochloride (Systemic),10.0,3.0,GPN,30.0
Methadone HCl_Cap 10mg,0407020M0AAAKAK,Methadone Hydrochloride,10.0,3.0,CMS,30.0
Methadone HCl_Inj 10mg/ml 1ml Amp,0407020M0AAAVAV,Methadone Hydrochloride,10.0,3.0,CMS,30.0
Dextromoramide Tart_Tab 10mg,0407020D0AAAEAE,Dextromoramide Tartrate,10.0,4.0,GPN,40.0
Dextromoramide Tart_Suppos 10mg,0407020D0AAACAC,Dextromoramide Tartrate,10.0,4.0,GPN,40.0
Hydromorphone HCl_Inj 10mg/ml 1ml AmpOld,040702050AAAJAJ,Hydromorphone Hydrochloride,10.0,5.0,BNF,50.0
Hydromorphone HCl_Inj 10mg/ml 1ml Amp,040702050AAANAN,Hydromorphone Hydrochloride,10.0,5.0,BNF,50.0
Dipipanone HCl/Cyclizine HCl_Tab 10/30mg,0407020H0AAABAB,Dipipanone Hydrochloride,10.0,0.5,ABHB,5.0
Diamorph HCl_Tab 10mg,0407020K0AACBCB,Diamorphine Hydrochloride (Systemic),10.0,1.0,GPN,10.0
Diamorph HCl_Liq Spec 50mg/5ml,0407020K0AADGDG,Diamorphine Hydrochloride (Systemic),10.0,1.0,GPN,10.0
Morph & Cocaine_Elix BPC Inc Duty,0407020P0AAAIAI,Morphine Hydrochloride,10.0,1.0,GPN,10.0
Morph HCl_Liq Spec 50mg/5ml,0407020P0AAANAN,Morphine Hydrochloride,10.0,1.0,GPN,10.0
Morph HCl_Suppos 10mg,0407020P0AAAQAQ,Morphine Hydrochloride,10.0,1.0,GPN,10.0
Morph Sulf_Tab 10mg M/R,0407020Q0AAAKAK,Morphine Sulfate,10.0,1.0,GPN,10.0
Morph Sulf_Tab 10mg,0407020Q0AACDCD,Morphine Sulfate,10.0,1.0,GPN,10.0
Morph Sulf_Suppos 10mg,0407020Q0AACQCQ,Morphine Sulfate,10.0,1.0,GPN,10.0
Morph Sulf_Oral Soln 10mg/5ml Udv S/F,0407020Q0AACSCS,Morphine Sulfate,10.0,1.0,GPN,10.0
Morph Sulph_Liq Spec 50mg/5ml,0407020Q0AADKDK,Morphine Sulfate,10.0,1.0,GPN,10.0
Morph Sulph_Cap 10mg M/R,0407020Q0AAEFEF,Morphine Sulfate,10.0,1.0,GPN,10.0
Nalbuphine HCl_Inj 10mg/ml 1ml Amp,0407020Y0AAAAAA,Nalbuphine Hydrochloride,10.0,1.0,CMS,10.0
Co-Dydramol_Tab 10mg/500mg,0407010N0AAAAAA,Co-dydramol,10.0,0.1,GPN,1.0
Co-Dydramol_Pdr Sach 10mg/500mg,0407010N0AAAFAF,Co-dydramol,10.0,0.1,GPN,1.0
Tramadol HCl_Liq Spec 50mg/5ml,040702040AAAZAZ,Tramadol Hydrochloride,10.0,0.1,GPN,1.0
Codeine Phos_Suppos 10mg,0407020C0AAALAL,Codeine Phosphate,10.0,0.1,GPN,1.0
Pethidine HCl_Liq Spec 50mg/5ml,0407020V0AAATAT,Pethidine Hydrochloride,10.0,0.1,ABHB,1.0
Co-Codamol_Tab 10mg/500mg,0407010F0AAAJAJ,Co-codamol,10.0,0.1,GPN,1.0
Pethidine HCl_Inj 10mg/ml 1ml Amp,0407020V0AAAZAZ,Pethidine Hydrochloride,10.0,0.24,ABHB,2.4
Morph Sulph_Liq Spec 60mg/5ml,0407020Q0AAESES,Morphine Sulfate,12.0,1.0,GPN,12.0
Codeine Phos_Liq Spec 60mg/5ml,0407020C0AAAVAV,Codeine Phosphate,12.0,0.1,GPN,1.2
Dihydrocodeine Tart_Liq Spec 60mg/5ml,0407020G0AAARAR,Dihydrocodeine Tartrate,12.0,0.1,GPN,1.2
Morph/Cyclizine_Inj 15mg/50mg 1ml Amp,040702020AAABAB,Morphine Tartrate & Cyclizine Tartrate,15.0,2.0,GPN,30.0
Oxycodone HCl_Tab 15mg M/R,0407020ADAAASAS,Oxycodone Hydrochloride,15.0,2.0,GPN,30.0
Morph Sulf_Inj 15mg/1ml Amp,0407020Q0AAACAC,Morphine Sulfate,15.0,2.0,GPN,30.0
Diamorph HCl_Inj 15mg Amp,0407020K0AAACAC,Diamorphine Hydrochloride (Systemic),15.0,3.0,GPN,45.0
Morph Sulf_Suppos 15mg,0407020Q0AABLBL,Morphine Sulfate,15.0,1.0,GPN,15.0
Morph Sulf_Tab 15mg M/R,0407020Q0AACFCF,Morphine Sulfate,15.0,1.0,GPN,15.0
Co-Codamol_Tab 15mg/500mg,0407010F0AAAKAK,Co-codamol,15.0,0.1,GPN,1.5
Codeine Phos_Tab 15mg,0407020C0AAADAD,Codeine Phosphate,15.0,0.1,GPN,1.5
Codeine Phos_Suppos 15mg,0407020C0AAAQAQ,Codeine Phosphate,15.0,0.1,GPN,1.5
Co-Codamol_Cap 15mg/500mg,0407010F0AAAVAV,Co-codamol,15.0,0.1,GPN,1.5
Co-Codamol_Tab Eff 15mg/500mg S/F,0407010F0AAAWAW,Co-codamol,15.0,0.1,GPN,1.5
Hydromorphone HCl_Cap 16mg M/R,040702050AAAAAA,Hydromorphone Hydrochloride,16.0,5.0,BNF,80.0
Oxycodone HCl_Cap 20mg,0407020ADAAAEAE,Oxycodone Hydrochloride,20.0,2.0,GPN,40.0
Oxycodone HCl_Tab 20mg M/R,0407020ADAAAGAG,Oxycodone Hydrochloride,20.0,2.0,GPN,40.0
Oxycodone HCl_Inj 10mg/ml 2ml Amp,0407020ADAAAMAM,Oxycodone Hydrochloride,20.0,2.0,GPN,40.0
Oxycodone HCl/NaloxoneHCl_Tab 20/10mgM/R,0407020AFAAABAB,Oxycodone HCl/Naloxone HCl,20.0,2.0,GPN,40.0
Morph Sulf_Inj 2.5mg/5ml Amp,0407020Q0AAAEAE,Morphine Sulfate,20.0,2.0,GPN,40.0
Morph Sulf_Inj 20mg/1ml Amp,0407020Q0AAAFAF,Morphine Sulfate,20.0,2.0,GPN,40.0
Morph Sulph_Inj 20mg/2ml Amp,0407020Q0AADIDI,Morphine Sulfate,20.0,2.0,GPN,40.0
Methadone HCl_Inj 10mg/ml 2ml Amp,0407020M0AAA3A3,Methadone Hydrochloride,20.0,3.0,CMS,60.0
Methadone HCl_Inj 20mg/ml 1ml Amp,0407020M0AAA8A8,Methadone Hydrochloride,20.0,3.0,CMS,60.0
Hydromorphone HCl_Inj 20mg/ml 1ml Amp,040702050AAAHAH,Hydromorphone Hydrochloride,20.0,5.0,BNF,100.0
Diamorph HCl_Liq Spec 100mg/5ml,0407020K0AADXDX,Diamorphine Hydrochloride (Systemic),20.0,1.0,GPN,20.0
Diamorph HCl_Reefer 20mg,0407020K0AAEUEU,Diamorphine Hydrochloride (Systemic),20.0,1.0,GPN,20.0
Morph HCl_Liq Spec 100mg/5ml,0407020P0AAAPAP,Morphine Hydrochloride,20.0,1.0,GPN,20.0
Morph Sulf_Conc Soln 20mg/ml S/F,0407020Q0AAA6A6,Morphine Sulfate,20.0,1.0,GPN,20.0
Morph Sulf_Tab 20mg,0407020Q0AACECE,Morphine Sulfate,20.0,1.0,GPN,20.0
Morph Sulf_Suppos 20mg,0407020Q0AACRCR,Morphine Sulfate,20.0,1.0,GPN,20.0
Morph Sulph_Gran Sach 20mg M/R,0407020Q0AACVCV,Morphine Sulfate,20.0,1.0,GPN,20.0
Morph Sulf_Cap 20mg M/R,0407020Q0AADZDZ,Morphine Sulfate,20.0,1.0,GPN,20.0
Nalbuphine HCl_Inj 10mg/ml 2ml Amp,0407020Y0AAABAB,Nalbuphine Hydrochloride,20.0,1.0,CMS,20.0
Paracet/Dihydrocodeine_Tab 500mg/20mg,0407010N0AAAHAH,Co-dydramol,20.0,0.1,GPN,2.0
Gppe Tab_Remedeine Eff,0407010N0AAAMAM,Co-dydramol,20.0,0.1,GPN,2.0
Gppe Tab_Remedeine Eff,0407010N0AAAMAM,Co-dydramol,20.0,0.1,GPN,2.0
Tapentadol HCl_Oral Soln 20mg/ml S/F,0407020AGAAAHAH,Tapentadol Hydrochloride,20.0,0.4,CMS,8.0
Hydromorphone HCl_Cap 24mg M/R,040702050AAABAB,Hydromorphone Hydrochloride,24.0,5.0,BNF,120.0
Pentazocine HCl_Tab 25mg,0407020T0AAABAB,Pentazocine Hydrochloride,25.0,0.37,CMS,9.25
Diamorph HCl_Liq Spec 130mg/5ml,0407020K0AAFNFN,Diamorphine Hydrochloride (Systemic),26.0,1.0,GPN,26.0
Oxycodone HCl_Tab 30mg M/R,0407020ADAAARAR,Oxycodone Hydrochloride,30.0,2.0,GPN,60.0
Morph Sulf_Inj 30mg/1ml Amp,0407020Q0AAADAD,Morphine Sulfate,30.0,2.0,GPN,60.0
Morph Sulph_I/V Inf 30mg/30ml Vl,0407020Q0AAFPFP,Morphine Sulfate,30.0,2.0,GPN,60.0
Oxycodone_Suppos 30mg,0407020Z0AAAAAA,Oxycodone,30.0,2.0,GPN,60.0
Diamorph HCl_Inj 30mg Amp,0407020K0AAAEAE,Diamorphine Hydrochloride (Systemic),30.0,3.0,GPN,90.0
Diamorph HCl_Inj 30mg Vl (Dry),0407020K0AAEMEM,Diamorphine Hydrochloride (Systemic),30.0,3.0,GPN,90.0
Methadone HCl_Reefer 30mg,0407020M0AAAJAJ,Methadone Hydrochloride,30.0,3.0,CMS,90.0
Methadone HCl_Inj 17.5mg/ml 2ml Amp,0407020M0AABHBH,Methadone Hydrochloride,30.0,3.0,CMS,90.0
Methadone HCl_Cap 30mg,0407020M0AABIBI,Methadone Hydrochloride,30.0,3.0,CMS,90.0
Diamorph HCl_Reefer 30mg,0407020K0AABFBF,Diamorphine Hydrochloride (Systemic),30.0,1.0,GPN,30.0
Morph HCl_Suppos 30mg,0407020P0AAACAC,Morphine Hydrochloride,30.0,1.0,GPN,30.0
Morph Sulf_Tab 30mg M/R,0407020Q0AAALAL,Morphine Sulfate,30.0,1.0,GPN,30.0
Morph Sulf_Suppos 30mg,0407020Q0AABMBM,Morphine Sulfate,30.0,1.0,GPN,30.0
Morph Sulf_Gran Sach 30mg M/R,0407020Q0AACPCP,Morphine Sulfate,30.0,1.0,GPN,30.0
Morph Sulf_Cap 30mg M/R,0407020Q0AAEGEG,Morphine Sulfate,30.0,1.0,GPN,30.0
Morph Sulf_Oral Soln 30mg/5ml Udv S/F,0407020Q0AACTCT,Morphine Sulfate,30.0,1.0,GPN,30.0
Co-Codamol_Cap 30mg/500mg,0407010F0AAADAD,Co-codamol,30.0,0.1,GPN,3.0
Co-Codamol Eff_Tab 30mg/500mg,0407010F0AAAFAF,Co-codamol,30.0,0.1,GPN,3.0
Co-Codamol_Tab 30mg/500mg,0407010F0AAAHAH,Co-codamol,30.0,0.1,GPN,3.0
Paracet/Dihydrocodeine_Tab 500mg/30mg,0407010N0AAAIAI,Co-dydramol,30.0,0.1,GPN,3.0
Codeine Phos_Tab 30mg,0407020C0AAAEAE,Codeine Phosphate,30.0,0.1,GPN,3.0
Codeine Phos_Inj 30mg/ml 1ml Amp,0407020C0AAAHAH,Codeine Phosphate,30.0,0.1,GPN,3.0
Codeine Phos_Suppos 30mg,0407020C0AAASAS,Codeine Phosphate,30.0,0.1,GPN,3.0
Dihydrocodeine Tart_Tab 30mg,0407020G0AAACAC,Dihydrocodeine Tartrate,30.0,0.1,GPN,3.0
Gppe Tab_Remedeine Fte Eff,0407010N0AAANAN,Co-dydramol,30.0,0.1,GPN,3.0
Co-Codamol Eff_Pdr Sach 30mg/500mg,0407010F0AAAQAQ,Co-codamol,30.0,0.1,GPN,3.0
Pentazocine_Lact Inj 30mg/ml 1ml Amp,0407020U0AAAAAA,Pentazocine Lactate,30.0,0.37,CMS,11.1
Diamorph HCl_Liq Spec 180mg/5ml,0407020K0AADVDV,Diamorphine Hydrochloride (Systemic),36.0,1.0,GPN,36.0
Oxycodone HCl_Tab 40mg M/R,0407020ADAAAHAH,Oxycodone Hydrochloride,40.0,2.0,GPN,80.0
Oxycodone HCl/NaloxoneHCl_Tab 40/20mgM/R,0407020AFAAADAD,Oxycodone HCl/Naloxone HCl,40.0,2.0,GPN,80.0
Methadone HCl_Inj 40mg/ml 1ml Amp,0407020M0AABKBK,Methadone Hydrochloride,40.0,3.0,CMS,120.0
Methadone HCl_Cap 40mg,0407020M0AABTBT,Methadone Hydrochloride,40.0,3.0,CMS,120.0
Papaveretum_Inj 40mg/ml 1ml Amp,0407020ABAAAKAK,Papaveretum,40.0,1.0,GPN,40.0
Diamorph HCl_Reefer 40mg,0407020K0AADCDC,Diamorphine Hydrochloride (Systemic),40.0,1.0,GPN,40.0
Diamorph HCl_Liq Spec 200mg/5ml,0407020K0AAEQEQ,Diamorphine Hydrochloride (Systemic),40.0,1.0,GPN,40.0
Dihydrocodeine Tart_Tab 40mg,0407020G0AAAIAI,Dihydrocodeine Tartrate,40.0,0.1,GPN,4.0
Diamorph HCl_Liq Spec 240mg/5ml,0407020K0AADWDW,Diamorphine Hydrochloride (Systemic),48.0,1.0,GPN,48.0
Oxycodone HCl_Inj 50mg/ml 1ml Amp,0407020ADAAANAN,Oxycodone Hydrochloride,50.0,2.0,GPN,100.0
Morph HCl_I/V Inf 50mg/50ml Pfs,0407020P0AABABA,Morphine Sulfate,50.0,2.0,GPN,100.0
Morph Sulf_Inj 50mg/50ml Vl,0407020Q0AAENEN,Morphine Sulfate,50.0,2.0,GPN,100.0
Morph Sulf_Inj 50mg/5ml Amp,0407020Q0AAFWFW,Morphine Sulfate,50.0,2.0,GPN,100.0
Methadone HCl_Inj 25mg/ml 2ml Amp,0407020M0AAA6A6,Methadone Hydrochloride,50.0,3.0,CMS,150.0
Methadone HCl_Inj 50mg/ml 1ml Amp,0407020M0AAACAC,Methadone Hydrochloride,50.0,3.0,CMS,150.0
Methadone HCl_Inj 10mg/ml 5ml Amp,0407020M0AAANAN,Methadone Hydrochloride,50.0,3.0,CMS,150.0
Methadone HCl_Cap 50mg,0407020M0AABLBL,Methadone Hydrochloride,50.0,3.0,CMS,150.0
Hydromorphone HCl_Inj 50mg/ml 1ml Amp,040702050AAAIAI,Hydromorphone Hydrochloride,50.0,5.0,BNF,250.0
Hydromorphone HCl_Inj 50mg/ml 1ml Amp,040702050AAAPAP,Hydromorphone Hydrochloride,50.0,5.0,BNF,250.0
Diamorph HCl_Liq Spec 250mg/5ml,0407020K0AAFFFF,Diamorphine Hydrochloride (Systemic),50.0,1.0,GPN,50.0
Morph Sulph_Suppos 50mg,0407020Q0AABVBV,Morphine Sulfate,50.0,1.0,GPN,50.0
Morph Sulf_Tab 50mg,0407020Q0AADRDR,Morphine Sulfate,50.0,1.0,GPN,50.0
Morph Sulf_Cap 50mg M/R,0407020Q0AAEAEA,Morphine Sulfate,50.0,1.0,GPN,50.0
Tramadol HCl_Cap 50mg,040702040AAAAAA,Tramadol Hydrochloride,50.0,0.1,GPN,5.0
Tramadol HCl_Tab Solb 50mg S/F,040702040AAAFAF,Tramadol Hydrochloride,50.0,0.1,GPN,5.0
Tramadol HCl_Cap 50mg M/R,040702040AAAGAG,Tramadol Hydrochloride,50.0,0.1,GPN,5.0
Tramadol HCl_Orodisper Tab 50mg S/F,040702040AAATAT,Tramadol Hydrochloride,50.0,0.1,GPN,5.0
Tramadol HCl_Tab 50mg M/R,040702040AAAYAY,Tramadol Hydrochloride,50.0,0.1,GPN,5.0
Dihydrocodeine Tart_Inj 50mg/ml 1ml Amp,0407020G0AAABAB,Dihydrocodeine Tartrate,50.0,0.1,GPN,5.0
Pethidine HCl_Tab 50mg,0407020V0AAACAC,Pethidine Hydrochloride,50.0,0.1,ABHB,5.0
Pethidine HCl_Cap 50mg,0407020V0AABFBF,Pethidine Hydrochloride,50.0,0.1,ABHB,5.0
Tramadol HCl_Eff Pdr Sach 50mg,040702040AAAKAK,Tramadol Hydrochloride,50.0,0.1,GPN,5.0
Tapentadol HCl_Tab 50mg,0407020AGAAAAAA,Tapentadol Hydrochloride,50.0,0.4,CMS,20.0
Tapentadol HCl_Tab 50mg M/R,0407020AGAAACAC,Tapentadol Hydrochloride,50.0,0.4,CMS,20.0
Pentazocine HCl_Cap 50mg,0407020T0AAAAAA,Pentazocine Hydrochloride,50.0,0.37,CMS,18.5
Pentazocine_Lact Suppos 50mg,0407020U0AAABAB,Pentazocine Lactate,50.0,0.37,CMS,18.5
Pethidine HCl_Inj 50mg/ml 1ml Amp,0407020V0AAAAAA,Pethidine Hydrochloride,50.0,0.24,ABHB,12.0
Pethidine HCl_Inj 10mg/ml 5ml Amp,0407020V0AAAPAP,Pethidine Hydrochloride,50.0,0.24,ABHB,12.0
Oxycodone HCl_Tab 60mg M/R,0407020ADAAAQAQ,Oxycodone Hydrochloride,60.0,2.0,GPN,120.0
Morph Sulf_Inj 60mg/2ml Amp,0407020Q0AAAMAM,Morphine Sulfate,60.0,2.0,GPN,120.0
Oxycodone_Suppos 60mg,0407020Z0AAABAB,Oxycodone,60.0,2.0,GPN,120.0
Methadone HCl_Reefer 60mg,0407020M0AAAXAX,Methadone Hydrochloride,60.0,3.0,CMS,180.0
Diamorph HCl_Reefer 60mg,0407020K0AACGCG,Diamorphine Hydrochloride (Systemic),60.0,1.0,GPN,60.0
Morph Sulf_Tab 60mg M/R,0407020Q0AAAIAI,Morphine Sulfate,60.0,1.0,GPN,60.0
Morph Sulf_Suppos 60mg,0407020Q0AABNBN,Morphine Sulfate,60.0,1.0,GPN,60.0
Morph Sulph_Gran Sach 60mg M/R,0407020Q0AADCDC,Morphine Sulfate,60.0,1.0,GPN,60.0
Morph Sulf_Cap 60mg M/R,0407020Q0AAEHEH,Morphine Sulfate,60.0,1.0,GPN,60.0
Codeine Phos_Inj 60mg/ml 1ml Amp,0407020C0AAAAAA,Codeine Phosphate,60.0,0.1,GPN,6.0
Codeine Phos_Tab 60mg,0407020C0AAAFAF,Codeine Phosphate,60.0,0.1,GPN,6.0
Dextroprop_Cap 60mg,0407020E0AAAAAA,Dextropropoxyphene,60.0,0.1,GPN,6.0
Dihydrocodeine Tart_Tab 60mg M/R,0407020G0AAADAD,Dihydrocodeine Tartrate,60.0,0.1,GPN,6.0
Co-Codamol Eff_Pdr Sach 60mg/1g,0407010F0AAARAR,Co-codamol,60.0,0.1,GPN,6.0
Pentazocine_Lact Inj 30mg/ml 2ml Amp,0407020U0AAACAC,Pentazocine Lactate,60.0,0.37,CMS,22.2
Diamorph HCl_Liq Spec 320mg/5ml,0407020K0AAFEFE,Diamorphine Hydrochloride (Systemic),64.0,1.0,GPN,64.0
Oxycodone HCl_Tab 80mg M/R,0407020ADAAAIAI,Oxycodone Hydrochloride,80.0,2.0,GPN,160.0
Morph Sulf_Inj 100mg/50ml Vl,0407020Q0AAELEL,Morphine Sulfate,100.0,2.0,GPN,200.0
Morph Sulph_I/V Inf 100mg/50ml Pfs,0407020Q0AAFTFT,Morphine Sulfate,100.0,2.0,GPN,200.0
Diamorph HCl_Inj 100mg Amp,0407020K0AAAFAF,Diamorphine Hydrochloride (Systemic),100.0,3.0,GPN,300.0
Diamorph HCl_Inj 100mg Vl (Dry),0407020K0AAEHEH,Diamorphine Hydrochloride (Systemic),100.0,3.0,GPN,300.0
Methadone HCl_Cap 100mg,0407020M0AABMBM,Methadone Hydrochloride,100.0,3.0,CMS,300.0
Diamorph HCl_Reefer 100mg,0407020K0AABCBC,Diamorphine Hydrochloride (Systemic),100.0,1.0,GPN,100.0
Diamorph HCl_Cap 100mg,0407020K0AACZCZ,Diamorphine Hydrochloride (Systemic),100.0,1.0,GPN,100.0
Morph Sulf_Tab 100mg M/R,0407020Q0AAAHAH,Morphine Sulfate,100.0,1.0,GPN,100.0
Morph Sulf_Suppos 100mg,0407020Q0AABPBP,Morphine Sulfate,100.0,1.0,GPN,100.0
Morph Sulph_Oral Soln 100mg/5ml Udv S/F,0407020Q0AACUCU,Morphine Sulfate,100.0,1.0,GPN,100.0
Morph Sulf_Gran Sach 100mg M/R,0407020Q0AADDDD,Morphine Sulfate,100.0,1.0,GPN,100.0
Morph Sulf_Cap 100mg M/R,0407020Q0AAEBEB,Morphine Sulfate,100.0,1.0,GPN,100.0
Tramadol HCl_Inj 50mg/ml 2ml Amp,040702040AAABAB,Tramadol Hydrochloride,100.0,0.1,GPN,10.0
Tramadol HCl_Tab 100mg M/R,040702040AAACAC,Tramadol Hydrochloride,100.0,0.1,GPN,10.0
Tramadol HCl_Cap 100mg M/R,040702040AAAHAH,Tramadol Hydrochloride,100.0,0.1,GPN,10.0
Tramadol HCl_Tab 100mg M/R &gn,040702040AAAVAV,Tramadol Hydrochloride,100.0,0.1,GPN,10.0
Tramadol HCl_Oral Dps 100mg/ml,040702040AABBBB,Tramadol Hydrochloride,100.0,0.1,GPN,10.0
Tramadol HCl_Eff Pdr Sach 100mg,040702040AAALAL,Tramadol Hydrochloride,100.0,0.1,GPN,10.0
Tapentadol HCl_Tab 100mg M/R,0407020AGAAADAD,Tapentadol Hydrochloride,100.0,0.4,CMS,40.0
Meptazinol HCl_Inj 100mg/ml 1ml Amp,0407020L0AAAAAA,Meptazinol Hydrochloride,100.0,0.03,ABHB,3.0
Pethidine HCl_Inj 50mg/ml 2ml Amp,0407020V0AAAEAE,Pethidine Hydrochloride,100.0,0.24,ABHB,24.0
Gppe Inj_Pamergan P 100 2ml Amp,0407020V0AAAIAI,Pethidine Hydrochloride,100.0,0.24,ABHB,24.0
Pethidine HCl_Inj 10mg/ml 10ml Amp,0407020V0AAALAL,Pethidine Hydrochloride,100.0,0.24,ABHB,24.0
Pethidine HCl_Inj 100mg/ml 1ml Amp,0407020V0AAAXAX,Pethidine Hydrochloride,100.0,0.24,ABHB,24.0
Oxycodone HCl_Tab 120mg M/R,0407020ADAAAPAP,Oxycodone Hydrochloride,120.0,2.0,GPN,240.0
Diamorph HCl_Reefer 120mg,0407020K0AAEVEV,Diamorphine Hydrochloride (Systemic),120.0,1.0,GPN,120.0
Morph Sulf_Cap 120mg M/R,0407020Q0AADVDV,Morphine Sulfate,120.0,1.0,GPN,120.0
Dihydrocodeine Tart_Tab 120mg M/R,0407020G0AAAFAF,Dihydrocodeine Tartrate,120.0,0.1,GPN,12.0
Morph Sulf_Tab 200mg M/R,0407020Q0AAAGAG,Morphine Sulfate,200.0,1.0,GPN,200.0
Morph Sulf_Gran Sach 200mg M/R,0407020Q0AADEDE,Morphine Sulfate,200.0,1.0,GPN,200.0
Morph Sulf_Cap 200mg M/R,0407020Q0AAEIEI,Morphine Sulfate,200.0,1.0,GPN,200.0
Morph Sulph_Liq Spec 1g/5ml,0407020Q0AAERER,Morphine Sulfate,200.0,1.0,GPN,200.0
Tramadol HCl_Tab 200mg M/R,040702040AAAEAE,Tramadol Hydrochloride,200.0,0.1,GPN,20.0
Tramadol HCl_Cap 200mg M/R,040702040AAAJAJ,Tramadol Hydrochloride,200.0,0.1,GPN,20.0
Tramadol HCl_Tab 200mg M/R @gn,040702040AAAXAX,Tramadol Hydrochloride,200.0,0.1,GPN,20.0
Tapentadol HCl_Tab 200mg M/R,0407020AGAAAFAF,Tapentadol Hydrochloride,200.0,0.4,CMS,80.0
Meptazinol HCl_Tab 200mg,0407020L0AAABAB,Meptazinol Hydrochloride,200.0,0.03,ABHB,6.0
Tramadol HCl_Tab 400mg M/R,040702040AAANAN,Tramadol Hydrochloride,400.0,0.1,GPN,40.0
Oxycodone HCl_Oral Soln 5mg/5ml S/F,0407020ADAAAAAA,Oxycodone Hydrochloride,1.0,2.0,GPN,2.0
Oxycodone HCl_Liq Spec 5mg/5ml,0407020ADAAAJAJ,Oxycodone Hydrochloride,1.0,2.0,GPN,2.0
Morph HCl_Inj 1mg/1ml Amp,0407020P0AABBBB,Morphine Hydrochloride,1.0,2.0,GPN,2.0
Morph Sulf_Inj 1mg/1ml Amp,0407020Q0AAA4A4,Morphine Sulfate,1.0,2.0,GPN,2.0
Diamorph HCl_Liq Spec 5mg/5ml,0407020K0AADKDK,Diamorphine Hydrochloride (Systemic),1.0,1.0,GPN,1.0
Morph HCl_Liq Spec 5mg/5ml,0407020P0AAARAR,Morphine Hydrochloride,1.0,1.0,GPN,1.0
Morph Sulph_Liq Spec 5mg/5ml,0407020Q0AADNDN,Morphine Sulfate,1.0,1.0,GPN,1.0
Codeine Phos_Liq Spec 5mg/5ml,0407020C0AAAXAX,Codeine Phosphate,1.0,0.1,GPN,0.1
Co-Proxamol_Tab 32.5mg/325mg,0407010Q0AAAAAA,Co-proxamol,32.5,0.1,GPN,3.25
Tapentadol HCl_Tab 250mg M/R,0407020AGAAAGAG,Tapentadol Hydrochloride,250.0,0.4,CMS,100.0
Diamorph HCl_Inj 500mg Amp,0407020K0AAAGAG,Diamorphine Hydrochloride (Systemic),500.0,3.0,GPN,1500.0
Diamorph HCl_Inj 500mg Vl (Dry),0407020K0AAEIEI,Diamorphine Hydrochloride (Systemic),500.0,3.0,GPN,1500.0
Methadone HCl_Inj 10mg/ml 3.5ml Amp,0407020M0AAATAT,Methadone Hydrochloride,35.0,3.0,CMS,105.0
Methadone HCl_Inj 35mg/ml 1ml Amp,0407020M0AAAWAW,Methadone Hydrochloride,35.0,3.0,CMS,105.0
Morph Sulph_Cap 90mg M/R,0407020Q0AADUDU,Morphine Sulfate,90.0,1.0,GPN,90.0
Dihydrocodeine Tart_Tab 90mg M/R,0407020G0AAAEAE,Dihydrocodeine Tartrate,90.0,0.1,GPN,9.0
Tramadol HCl/Paracet_Tab 37.5mg/325mg,040702040AAAUAU,Tramadol Hydrochloride,37.5,0.1,GPN,3.75
Tramadol/Paracet_Tab Eff 37.5/325mg S/F,040702040AABABA,Tramadol Hydrochloride,37.5,0.1,GPN,3.75
Tramadol HCl_Tab 75mg M/R,040702040AAAPAP,Tramadol Hydrochloride,75.0,0.1,GPN,7.5
Tramadol HCl/Paracet_Tab 75mg/650mg,040702040AABCBC,Tramadol Hydrochloride,75.0,0.1,GPN,7.5
Tapentadol HCl_Tab 75mg,0407020AGAAABAB,Tapentadol Hydrochloride,75.0,0.4,CMS,30.0
Morph Sulf_Cap 150mg M/R,0407020Q0AADWDW,Morphine Sulfate,150.0,1.0,GPN,150.0
Tramadol HCl_Tab 150mg M/R,040702040AAADAD,Tramadol Hydrochloride,150.0,0.1,GPN,15.0
Tramadol HCl_Cap 150mg M/R,040702040AAAIAI,Tramadol Hydrochloride,150.0,0.1,GPN,15.0
Tramadol HCl_Tab 150mg M/R &gn,040702040AAAWAW,Tramadol Hydrochloride,150.0,0.1,GPN,15.0
Tapentadol HCl_Tab 150mg M/R,0407020AGAAAEAE,Tapentadol Hydrochloride,150.0,0.4,CMS,60.0
Morph Sulf_Inj 30mg/1ml 10ml Amp,0407020Q0AAFKFK,Morphine Sulfate,300.0,2.0,GPN,600.0
Tramadol HCl_Tab 300mg M/R,040702040AAAMAM,Tramadol Hydrochloride,300.0,0.1,GPN,30.0
Buprenorphine_Patch 15mcg/hr (7day),0407020B0AAAKAK,Buprenorphine,2.52,100.0,OA,252.0
Buprenorphine_Patch 52.5mcg/hr (96hr),0407020B0AAAFAF,Buprenorphine,5.04,100.0,OA,504.0
Buprenorphine_Inj 300mcg/ml 1ml Amp,0407020B0AAAAAA,Buprenorphine,0.3,100.0,OA,30.0
Morph HCl_Liq Spec 1.5mg/5ml,0407020P0AAAWAW,Morphine Hydrochloride,0.3,1.0,GPN,0.3
Morph Sulf_Liq Spec 1.5mg/5ml,0407020Q0AAFGFG,Morphine Sulfate,0.3,1.0,GPN,0.3
Fentanyl_Tab Sublingual 300mcg S/F,0407020A0AAAYAY,Fentanyl,0.3,130.0,CMS,39.0
Fentanyl_Loz 600mcg,0407020A0AAAKAK,Fentanyl,0.6,100.0,BNF,60.0
Fentanyl_Tab Sublingual 600mcg S/F,0407020A0AABABA,Fentanyl,0.6,130.0,CMS,78.0
Fentanyl_Tab Buccal 600mcg S/F,0407020A0AABFBF,Fentanyl,0.6,130.0,CMS,78.0
Fentanyl_Loz 1.2mg,0407020A0AAANAN,Fentanyl,1.2,100.0,BNF,120.0
Fentanyl_Tab Sublingual 267mcg S/F,0407020A0AABZBZ,Fentanyl,0.267,130.0,CMS,34.71
Morph Sulph_Liq Spec 3.35mg/5ml,0407020Q0AAFBFB,Morphine Sulfate,0.67,1.0,GPN,0.67
Fentanyl_Tab Sublingual 533mcg S/F,0407020A0AABYBY,Fentanyl,0.533,130.0,CMS,69.29
Fentanyl_Transdermal Patch 37.5mcg/hr,0407020A0AABWBW,Fentanyl,2.7,100.0,CMS,270.0
Fentanyl_Transdermal Patch 75mcg/hr,0407020A0AAAGAG,Fentanyl,5.4,100.0,BNF,540.0
Fentanyl_Patch Self-Adh 12.6mg/72hrs,0407020A0AAASAS,Fentanyl,5.4,100.0,BNF,540.0
Ibuprofen/Codeine Phos_Tab 200mg/12.8mg,1001010J0AAAYAY,Ibuprofen & Codeine,12.8,0.1,GPN,
Co-Codamol_Tab 12.8mg/500mg,0407010F0AAAPAP,Co-codamol,12.8,0.1,GPN,1.28
Fentanyl_Nsl Spy 50mcg,0407020A0AABHBH,Fentanyl,0.05,160.0,CMS,8.0
Fentanyl_Nsl Spy 100mcg,0407020A0AABJBJ,Fentanyl,0.1,160.0,CMS,16.0
Morph Sulf_Liq Spec 500mcg/5ml,0407020Q0AAFDFD,Morphine Sulfate,0.1,1.0,GPN,0.1
Fentanyl_Tab Sublingual 100mcg S/F,0407020A0AAAWAW,Fentanyl,0.1,130.0,CMS,13.0
Fentanyl_Tab Buccal 100mcg S/F,0407020A0AABCBC,Fentanyl,0.1,130.0,CMS,13.0
Buprenorphine_Tab Subling 200mcg S/F,0407020B0AAABAB,Buprenorphine,0.2,60.0,MIMS,12.0
Fentanyl_Loz 200mcg,0407020A0AAAIAI,Fentanyl,0.2,100.0,BNF,20.0
Fentanyl_Nsl Spy 200mcg,0407020A0AABLBL,Fentanyl,0.2,160.0,CMS,32.0
Morph Sulph_Liq Spec 1mg/5ml,0407020Q0AAFHFH,Morphine Sulfate,0.2,1.0,GPN,0.2
Fentanyl_Tab Sublingual 200mcg S/F,0407020A0AAAXAX,Fentanyl,0.2,130.0,CMS,26.0
Fentanyl_Tab Buccal 200mcg S/F,0407020A0AABDBD,Fentanyl,0.2,130.0,CMS,26.0
Fentanyl_Buccal Film 200mcg S/F,0407020A0AABTBT,Fentanyl,0.2,180.0,CMS,36.0
Buprenorphine_Tab Subling 400mcg S/F,0407020B0AAADAD,Buprenorphine,0.4,60.0,MIMS,24.0
Fentanyl_Loz 400mcg,0407020A0AAAJAJ,Fentanyl,0.4,100.0,BNF,40.0
Fentanyl_Nsl Spy 400mcg,0407020A0AABPBP,Fentanyl,0.4,160.0,CMS,64.0
Morph Sulf_Liq Spec 2mg/5ml,0407020Q0AAFFFF,Morphine Sulfate,0.4,1.0,GPN,0.4
Fentanyl_Tab Sublingual 400mcg S/F,0407020A0AAAZAZ,Fentanyl,0.4,130.0,CMS,52.0
Fentanyl_Tab Buccal 400mcg S/F,0407020A0AABEBE,Fentanyl,0.4,130.0,CMS,52.0
Fentanyl_Buccal Film 400mcg S/F,0407020A0AABUBU,Fentanyl,0.4,180.0,CMS,72.0
Fentanyl_Loz 800mcg,0407020A0AAALAL,Fentanyl,0.8,100.0,BNF,80.0
Fentanyl_Tab Sublingual 800mcg S/F,0407020A0AABBBB,Fentanyl,0.8,130.0,CMS,104.0
Fentanyl_Tab Buccal 800mcg S/F,0407020A0AABGBG,Fentanyl,0.8,130.0,CMS,104.0
Fentanyl_Buccal Film 800mcg S/F,0407020A0AABVBV,Fentanyl,0.8,180.0,CMS,144.0
Codeine Phos_Oral Soln 6.75mg/5ml,0407020C0AABABA,Codeine Phosphate,1.35,0.1,GPN,0.135
Fentanyl_Loz 1.6mg,0407020A0AAAPAP,Fentanyl,1.6,100.0,BNF,160.0
Co-Codamol_Liq Spec 8mg/500mg/5ml,0407010F0AAASAS,Co-codamol,1.6,0.1,GPN,0.16
Fentanyl_Tab Sublingual 133mcg S/F,0407020A0AABXBX,Fentanyl,0.133,130.0,CMS,17.29
Hydromorphone HCl_Cap 2.6mg,040702050AAADAD,Hydromorphone Hydrochloride,2.6,5.0,BNF,13.0
Fentanyl_Transdermal Patch 50mcg/hr,0407020A0AAAFAF,Fentanyl,3.6,100.0,BNF,360.0
Fentanyl_Patch Self-Adh 8.4mg/72hrs,0407020A0AAAQAR,Fentanyl,3.6,100.0,BNF,360.0
Fentanyl_Transdermal Patch 100mcg/hr,0407020A0AAAHAH,Fentanyl,7.2,100.0,BNF,720.0
Fentanyl_Patch Self-Adh 16.8mg/72hrs,0407020A0AAATAT,Fentanyl,7.2,100.0,BNF,720.0
Aspirin/Papaveretum_Tab Solb 500/7.7mg,0407010A0BBAAAB,Aspirin & Papaveretum,7.7,1.0,OA,7.7
Papaveretum_Inj 15.4mg/ml (20mg) 1ml Amp,0407020ABAAABAB,Papaveretum,15.4,1.0,GPN,15.4
Papaveret/Hyoscine_Inj 15.4/0.4mg 1ml Am,0407020ABAAAIAI,Papaveretum,15.4,1.0,GPN,15.4
Hydromorphone HCl_Cap 1.3mg,040702050AAAEAE,Hydromorphone Hydrochloride,1.3,5.0,BNF,6.5
Fentanyl_Transdermal Patch 25mcg/hr,0407020A0AAAEAE,Fentanyl,1.8,100.0,BNF,180.0
Fentanyl_Patch Self-Adh 4.2mg/72hrs,0407020A0AAAQAQ,Fentanyl,1.8,100.0,BNF,180.0
Co-Dydramol_Tab 7.46mg/500mg,0407010N0AAAEAE,Co-codamol,7.46,0.1,GPN,0.746
Paracet/Dihydrocodeine_Tab 500mg/7.46mg,0407010N0AAAJAJ,Co-dydramol,7.46,0.1,GPN,0.746
Paracet/Dihydrocod_Tab Sol 500mg/7.46mg,0407010N0AAAKAK,Co-dydramol,7.46,0.1,GPN,0.746
Fentanyl_Transdermal Patch 12mcg/hr,0407020A0AAAUAU,Fentanyl,0.864,100.0,BNF,86.4
Buprenorphine_Patch 35mcg/hr (96hr),0407020B0AAAEAE,Buprenorphine,3.36,100.0,OA,336.0
Buprenorphine_Patch 20mcg/hr (7day),0407020B0AAAJAJ,Buprenorphine,3.36,100.0,OA,336.0
Buprenorphine_Patch 70mcg/hr (96hr),0407020B0AAAGAG,Buprenorphine,6.72,100.0,OA,672.0
Buprenorphine_Patch 5mcg/hr (7day),0407020B0AAAHAH,Buprenorphine,0.84,100.0,OA,84.0
Buprenorphine_Patch 10mcg/hr (7day),0407020B0AAAIAI,Buprenorphine,1.68,100.0,OA,168.0
